"Dim.1","Dim.2","Dim.3","Dim.4","Dim.5","Dim.6"
2.40385042928606,51.0441198233197,0.554265875905239,24.9579277087352,21.0269481026935,0.0128880600602581
26.6869341723935,3.63481767617087,0.585589830887507,24.1288276282771,44.722265402146,0.241565290125057
31.9751940550619,1.0938200681065,2.42430058211133,0.500573156012941,17.8727851618199,46.1333269768874
33.071292884024,0.347595697371098,1.56751686420392,0.590433711653871,10.9953776012303,53.4277832415169
2.14244992783311,1.82241979919715,87.9393200449819,5.93846790557993,2.15328008700175,0.00406223540615305
3.72027853140141,42.0572269358347,6.92900680191011,43.8837698897409,3.2293436451086,0.18037419600428
